equipment_id,equipment_type,manufacturer,department,operating_hours,temperature,vibration,fuel_consumption,brake_status,tyre_status,engine_status,maintenance_status,uptime_hours,downtime_hours,last_service_date,next_service_due,alerts_30d
TRK-001,Haul Truck,Komatsu,Hauling & Logistics,8328,74.1,3.6,105.3,OK,OK,Fault,Operational,667.7,10.1,2026-07-19,2026-11-16,1
TRK-002,Haul Truck,Komatsu,Hauling & Logistics,26566,69.5,4.0,98.0,OK,OK,OK,Operational,671.2,25.6,2026-08-25,2026-11-23,4
TRK-003,Haul Truck,Caterpillar,Hauling & Logistics,18835,74.3,1.8,52.3,OK,OK,OK,Operational,641.5,23.3,2026-05-22,2026-09-19,0
TRK-004,Haul Truck,Caterpillar,Hauling & Logistics,34653,65.2,6.4,58.8,OK,OK,OK,Operational,668.6,50.3,2026-07-06,2026-10-04,0
TRK-005,Haul Truck,Liebherr,Hauling & Logistics,27529,76.9,2.7,83.6,OK,OK,OK,Operational,621.4,50.4,2026-06-25,2026-09-23,1
TRK-006,Haul Truck,Liebherr,Hauling & Logistics,10144,104.4,3.4,121.9,OK,Worn,OK,Operational,608.5,83.4,2026-07-11,2026-11-08,1
TRK-007,Haul Truck,Komatsu,Hauling & Logistics,4643,73.7,5.6,99.9,OK,OK,OK,Operational,659.4,41.9,2026-07-14,2026-10-12,1
TRK-008,Haul Truck,Komatsu,Hauling & Logistics,15335,64.5,3.4,81.0,OK,OK,OK,Operational,592.0,70.7,2026-08-08,2026-12-06,0
TRK-009,Haul Truck,Caterpillar,Hauling & Logistics,3068,58.9,1.6,57.6,OK,OK,OK,Operational,647.8,60.1,2026-06-22,2026-10-20,1
TRK-010,Haul Truck,Caterpillar,Hauling & Logistics,31095,72.4,3.3,107.0,OK,OK,OK,Operational,674.0,13.9,2026-05-24,2026-09-21,0
TRK-011,Haul Truck,Caterpillar,Hauling & Logistics,6451,77.3,2.8,76.0,Worn,OK,OK,Operational,678.6,27.5,2026-06-18,2026-10-16,0
TRK-012,Haul Truck,Caterpillar,Hauling & Logistics,35037,92.0,9.2,99.2,OK,OK,OK,Operational,668.5,23.0,2026-07-12,2026-11-09,3
LDR-001,Loader,Sandvik,Surface Mining,29194,81.8,2.7,69.6,OK,OK,OK,Operational,599.0,62.5,2026-08-04,2026-12-02,0
LDR-002,Loader,Caterpillar,Surface Mining,28414,55.3,9.4,55.2,OK,OK,OK,Operational,446.3,246.5,2026-07-07,2026-10-05,0
LDR-003,Loader,Caterpillar,Surface Mining,12097,63.1,4.2,40.7,OK,OK,OK,Out of Service,666.3,125.2,2026-07-11,2026-10-09,0
LDR-004,Loader,Sandvik,Surface Mining,23331,94.5,3.6,92.9,OK,OK,OK,Out of Service,590.8,144.4,2026-08-26,2026-11-24,2
LDR-005,Loader,Sandvik,Surface Mining,32572,74.6,3.8,78.7,OK,OK,Worn,Operational,527.9,188.0,2026-07-17,2026-11-14,1
EXC-001,Excavator,Komatsu,Surface Mining,24754,73.0,4.4,80.5,OK,N/A,OK,Operational,592.2,107.9,2026-06-29,2026-10-27,2
EXC-002,Excavator,Komatsu,Surface Mining,7792,75.3,5.6,126.3,Fault,N/A,OK,Under Maintenance,533.4,193.1,2026-07-19,2026-10-17,4
EXC-003,Excavator,Liebherr,Surface Mining,21161,57.4,9.3,106.8,OK,N/A,OK,Operational,658.9,60.3,2026-07-13,2026-10-11,3
EXC-004,Excavator,Komatsu,Surface Mining,36320,60.2,4.0,61.0,OK,N/A,OK,Operational,461.1,241.2,2026-06-20,2026-10-18,3
DRL-001,Drilling Machine,Epiroc,Drilling & Blasting,25074,74.8,2.7,103.7,N/A,N/A,OK,Operational,654.4,25.4,2026-09-10,2026-12-09,2
DRL-002,Drilling Machine,Sandvik,Drilling & Blasting,37146,92.0,4.5,72.8,N/A,N/A,OK,Operational,517.4,181.1,2026-07-01,2026-09-29,1
DRL-003,Drilling Machine,Sandvik,Drilling & Blasting,9792,56.0,7.9,66.9,N/A,N/A,OK,Operational,699.1,20.6,2026-06-30,2026-10-28,0
DRL-004,Drilling Machine,Epiroc,Drilling & Blasting,31107,60.0,1.6,104.9,N/A,N/A,OK,Under Maintenance,611.1,186.1,2026-06-14,2026-10-12,1
DRL-005,Drilling Machine,Sandvik,Drilling & Blasting,27700,65.4,5.3,97.2,N/A,N/A,OK,Operational,659.7,25.5,2026-08-12,2026-11-10,5
DOZ-001,Bulldozer,Komatsu,Surface Mining,32227,75.5,1.8,89.3,OK,N/A,OK,Operational,620.0,84.0,2026-07-01,2026-10-29,0
DOZ-002,Bulldozer,Komatsu,Surface Mining,4878,66.7,5.3,67.6,OK,N/A,OK,Operational,665.2,12.7,2026-06-02,2026-09-30,0
DOZ-003,Bulldozer,Caterpillar,Surface Mining,12486,107.7,4.1,82.0,OK,N/A,OK,Operational,617.7,83.1,2026-06-11,2026-10-09,2
SCW-001,Scraper Winch,Joy Global,Underground Production,35804,60.9,5.5,0.0,N/A,N/A,Worn,Under Maintenance,590.3,159.6,2026-06-25,2026-10-23,0
SCW-002,Scraper Winch,Joy Global,Underground Production,9111,61.5,4.2,0.0,N/A,N/A,OK,Operational,643.4,37.8,2026-08-31,2026-11-29,2
SCW-003,Scraper Winch,Joy Global,Underground Production,22172,69.9,6.8,0.0,N/A,N/A,OK,Out of Service,614.4,177.2,2026-07-31,2026-10-29,1
CRU-001,Crusher,Metso,Processing Plant,6899,64.0,2.7,0.0,N/A,N/A,OK,Under Maintenance,632.7,144.4,2026-06-11,2026-10-09,3
CRU-002,Crusher,Metso,Processing Plant,24017,71.6,2.7,0.0,N/A,N/A,OK,Operational,636.1,35.8,2026-05-25,2026-09-22,1
CRU-003,Crusher,Metso,Processing Plant,9030,82.8,2.3,0.0,N/A,N/A,OK,Operational,671.0,17.0,2026-07-02,2026-10-30,0
CNV-001,Conveyor,FLSmidth,Processing Plant,15365,75.2,1.9,0.0,N/A,N/A,OK,Operational,566.2,119.4,2026-07-30,2026-11-27,2
CNV-002,Conveyor,Continental,Processing Plant,25204,61.6,6.2,0.0,N/A,N/A,OK,Operational,599.4,87.7,2026-05-27,2026-09-24,0
CNV-003,Conveyor,Continental,Processing Plant,23407,93.3,2.6,0.0,N/A,N/A,OK,Operational,609.1,69.4,2026-06-23,2026-09-21,0
CNV-004,Conveyor,Continental,Processing Plant,33395,67.7,7.1,0.0,N/A,N/A,OK,Operational,638.1,34.5,2026-07-28,2026-10-26,2
CNV-005,Conveyor,Continental,Processing Plant,9922,64.0,1.7,0.0,N/A,N/A,OK,Operational,600.4,64.1,2026-07-11,2026-10-09,1
